<xml xmlns="http://www.w3.org/1999/xhtml">
  <variables>
    <variable type="" id="+ztXQ,%jyimeb$-+Z+h,">binGuessLow</variable>
    <variable type="" id="!gUL5Pm%kQ*%;.8$hIhU">x</variable>
    <variable type="" id="i@JNvS!8,%NM}3sj[R9`">binGuessHigh</variable>
    <variable type="" id="sXLw6`{/GO@K$$l(~kkx">goodChoice</variable>
    <variable type="" id=";Yh0={ttyA{YI$MzrAqk">binGuess</variable>
    <variable type="" id="Bs)t*hw{!VDPbbR7v6na">secretNumber</variable>
  </variables>
  <block type="variables_set" id="#ub^cI8sTQ,%:e(Vds*X" x="-67" y="-48">
    <field name="VAR" id="+ztXQ,%jyimeb$-+Z+h," variabletype="">binGuessLow</field>
    <value name="VALUE">
      <block type="math_number" id="Ii]CoI}]}+pl%Bx9jR9n">
        <field name="NUM">1</field>
      </block>
    </value>
    <next>
      <block type="variables_set" id="T~DWTHj`.K`3t}pczSyg">
        <field name="VAR" id="i@JNvS!8,%NM}3sj[R9`" variabletype="">binGuessHigh</field>
        <value name="VALUE">
          <block type="math_number" id="oF9t6C@hYnCsp]o8iP0]">
            <field name="NUM">1000</field>
          </block>
        </value>
        <next>
          <block type="variables_set" id="W+L{O1nT/fMTSp]8~.[;">
            <field name="VAR" id=";Yh0={ttyA{YI$MzrAqk" variabletype="">binGuess</field>
            <value name="VALUE">
              <block type="math_number" id="/89oFEagoo~)!=LBXAI_">
                <field name="NUM">0</field>
              </block>
            </value>
            <next>
              <block type="variables_set" id="_=E;3~:ocuR-HB7-^1Q/">
                <field name="VAR" id="sXLw6`{/GO@K$$l(~kkx" variabletype="">goodChoice</field>
                <value name="VALUE">
                  <block type="logic_boolean" id="NeTRPW-$8c[v]i-yA*x0">
                    <field name="BOOL">FALSE</field>
                  </block>
                </value>
                <next>
                  <block type="variables_set" id="T%[G_Ithh!?r!G]DyF?6">
                    <field name="VAR" id="Bs)t*hw{!VDPbbR7v6na" variabletype="">secretNumber</field>
                    <value name="VALUE">
                      <block type="text_prompt" id=",v1`$kSMc9F0KG+QhOI5">
                        <mutation type="NUMBER"></mutation>
                        <field name="TYPE">NUMBER</field>
                        <field name="TEXT">What number between 1-1000 does Bin need to get?</field>
                      </block>
                    </value>
                    <next>
                      <block type="controls_whileUntil" id="#x0[xll%Lq=[BZDcg+6y">
                        <field name="MODE">UNTIL</field>
                        <value name="BOOL">
                          <block type="logic_compare" id="=@BqgNz6u5|-qs}u(sCy">
                            <field name="OP">EQ</field>
                            <value name="A">
                              <block type="variables_get" id="jN6zFpQf4T25|oCEKZl!">
                                <field name="VAR" id="sXLw6`{/GO@K$$l(~kkx" variabletype="">goodChoice</field>
                              </block>
                            </value>
                            <value name="B">
                              <block type="logic_boolean" id="[alh3e,y7qPiA|).m=D7">
                                <field name="BOOL">TRUE</field>
                              </block>
                            </value>
                          </block>
                        </value>
                        <statement name="DO">
                          <block type="text_print" id="w0Uq`bIdU`dTBeN1Ef!]">
                            <value name="TEXT">
                              <block type="procedures_callreturn" id="g39IEnnjDB3gJrF38]!m">
                                <mutation name="userTriesSomethingWrong">
                                  <arg name="x"></arg>
                                </mutation>
                                <value name="ARG0">
                                  <block type="variables_get" id="lE=.kSBYuNRE]LON}!C3">
                                    <field name="VAR" id="sXLw6`{/GO@K$$l(~kkx" variabletype="">goodChoice</field>
                                  </block>
                                </value>
                              </block>
                            </value>
                          </block>
                        </statement>
                        <next>
                          <block type="controls_whileUntil" id="5J5IhS?u$8lk{:lXDNtx">
                            <field name="MODE">UNTIL</field>
                            <value name="BOOL">
                              <block type="logic_compare" id="MTta5dr|]/KU=a7U(c78">
                                <field name="OP">EQ</field>
                                <value name="A">
                                  <block type="variables_get" id="V4q1LC/@R(gR?=8iC_T;">
                                    <field name="VAR" id="Bs)t*hw{!VDPbbR7v6na" variabletype="">secretNumber</field>
                                  </block>
                                </value>
                                <value name="B">
                                  <block type="variables_get" id="A($0jjesK4d?Od}ct-mj">
                                    <field name="VAR" id=";Yh0={ttyA{YI$MzrAqk" variabletype="">binGuess</field>
                                  </block>
                                </value>
                              </block>
                            </value>
                            <statement name="DO">
                              <block type="variables_set" id="}r/SND]WPMs)b}c8`bsd">
                                <field name="VAR" id=";Yh0={ttyA{YI$MzrAqk" variabletype="">binGuess</field>
                                <value name="VALUE">
                                  <block type="math_round" id=")-t!6(vSJOmVl!C(ZzDr">
                                    <field name="OP">ROUND</field>
                                    <value name="NUM">
                                      <block type="math_on_list" id="Zz-r9~0e$dRZVea?s-4{">
                                        <mutation op="AVERAGE"></mutation>
                                        <field name="OP">AVERAGE</field>
                                        <value name="LIST">
                                          <block type="lists_create_with" id="h*85^;lyboZNLGoIYU~A">
                                            <mutation items="2"></mutation>
                                            <value name="ADD0">
                                              <block type="variables_get" id="m`3!EfCTAcM*r?5`2!T(">
                                                <field name="VAR" id="+ztXQ,%jyimeb$-+Z+h," variabletype="">binGuessLow</field>
                                              </block>
                                            </value>
                                            <value name="ADD1">
                                              <block type="variables_get" id="A[Hzav9@EdH)Me^6feTo">
                                                <field name="VAR" id="i@JNvS!8,%NM}3sj[R9`" variabletype="">binGuessHigh</field>
                                              </block>
                                            </value>
                                          </block>
                                        </value>
                                      </block>
                                    </value>
                                  </block>
                                </value>
                                <next>
                                  <block type="procedures_callnoreturn" id="3^aB`#52]_*qRj1(=)im">
                                    <mutation name="tooHighOrLow"></mutation>
                                  </block>
                                </next>
                              </block>
                            </statement>
                            <next>
                              <block type="text_print" id="uOoT,G5(Vq-Y*1]k|-B|">
                                <value name="TEXT">
                                  <block type="variables_get" id="*P=/Rk.:=*y,-TiCbaMf">
                                    <field name="VAR" id=";Yh0={ttyA{YI$MzrAqk" variabletype="">binGuess</field>
                                  </block>
                                </value>
                                <next>
                                  <block type="text_print" id="6Qcr)aZ;gQi|b$38X*49">
                                    <value name="TEXT">
                                      <block type="text_join" id="M=pvRS*,Jb{U,m0kN-O)">
                                        <mutation items="2"></mutation>
                                        <value name="ADD0">
                                          <block type="variables_get" id="}zXh+{,%#rZv3pP(ZXo*">
                                            <field name="VAR" id=";Yh0={ttyA{YI$MzrAqk" variabletype="">binGuess</field>
                                          </block>
                                        </value>
                                        <value name="ADD1">
                                          <block type="text" id="j-P/Q2}oQ-4wM.^9b}Pd">
                                            <field name="TEXT"> is correct</field>
                                          </block>
                                        </value>
                                      </block>
                                    </value>
                                  </block>
                                </next>
                              </block>
                            </next>
                          </block>
                        </next>
                      </block>
                    </next>
                  </block>
                </next>
              </block>
            </next>
          </block>
        </next>
      </block>
    </next>
  </block>
  <block type="procedures_defnoreturn" id="%:i]bH*bYB:pwNQJ,XNo" x="300" y="284">
    <field name="NAME">tooHighOrLow</field>
    <comment pinned="false" h="80" w="160">Describe this function...</comment>
    <statement name="STACK">
      <block type="controls_if" id="O):-,h`7_s}(J7nzUh{v">
        <mutation elseif="1"></mutation>
        <value name="IF0">
          <block type="logic_compare" id="pJSiuT6GP(i[B-se,P-5">
            <field name="OP">GT</field>
            <value name="A">
              <block type="variables_get" id="Z;J4+|@n=[;LYmJ/a*.+">
                <field name="VAR" id="Bs)t*hw{!VDPbbR7v6na" variabletype="">secretNumber</field>
              </block>
            </value>
            <value name="B">
              <block type="variables_get" id="$mbPN1sXd4A=%eB9Wyit">
                <field name="VAR" id=";Yh0={ttyA{YI$MzrAqk" variabletype="">binGuess</field>
              </block>
            </value>
          </block>
        </value>
        <statement name="DO0">
          <block type="text_print" id="{jWS__mLtyz(PKGGtKa+">
            <value name="TEXT">
              <block type="variables_get" id="nU8l@s6!L0ajZzuJeQo;">
                <field name="VAR" id=";Yh0={ttyA{YI$MzrAqk" variabletype="">binGuess</field>
              </block>
            </value>
            <next>
              <block type="variables_set" id="TeSKCK^$]@*R@i6UvwY9">
                <field name="VAR" id="+ztXQ,%jyimeb$-+Z+h," variabletype="">binGuessLow</field>
                <value name="VALUE">
                  <block type="math_arithmetic" id="kc*lhRwFXD|v7(o5jGWW">
                    <field name="OP">ADD</field>
                    <value name="A">
                      <block type="variables_get" id="g_g?Bgz4_)TM~@.C`BH`">
                        <field name="VAR" id=";Yh0={ttyA{YI$MzrAqk" variabletype="">binGuess</field>
                      </block>
                    </value>
                    <value name="B">
                      <block type="math_number" id="*Yj-IGIN}aUCwh!]:y?d">
                        <field name="NUM">1</field>
                      </block>
                    </value>
                  </block>
                </value>
                <next>
                  <block type="text_print" id="O0G5%V%SC*VbpUuOePoc">
                    <value name="TEXT">
                      <block type="text" id="ddsE)BLu{y6-Myvv/r[,">
                        <field name="TEXT">Too Low</field>
                      </block>
                    </value>
                  </block>
                </next>
              </block>
            </next>
          </block>
        </statement>
        <value name="IF1">
          <block type="logic_compare" id="+t#Ep!cY~CGDhzQv)DaL">
            <field name="OP">LT</field>
            <value name="A">
              <block type="variables_get" id="E@b8[}0k6fP1?CCf$89-">
                <field name="VAR" id="Bs)t*hw{!VDPbbR7v6na" variabletype="">secretNumber</field>
              </block>
            </value>
            <value name="B">
              <block type="variables_get" id=";7fsM=P5+#~Fy.Tazr98">
                <field name="VAR" id=";Yh0={ttyA{YI$MzrAqk" variabletype="">binGuess</field>
              </block>
            </value>
          </block>
        </value>
        <statement name="DO1">
          <block type="text_print" id="^cI7CuChWwYM4PB,B.ft">
            <value name="TEXT">
              <block type="variables_get" id="eI:Pcwb~al-*TRuOV@^#">
                <field name="VAR" id=";Yh0={ttyA{YI$MzrAqk" variabletype="">binGuess</field>
              </block>
            </value>
            <next>
              <block type="variables_set" id="Mj=0XrR3M!Af;~8axusJ">
                <field name="VAR" id="i@JNvS!8,%NM}3sj[R9`" variabletype="">binGuessHigh</field>
                <value name="VALUE">
                  <block type="math_arithmetic" id="gOJwa8!;W|K9{G{XJx,z">
                    <field name="OP">MINUS</field>
                    <value name="A">
                      <block type="variables_get" id="^0Jn|IV9YGstceU8WS.J">
                        <field name="VAR" id=";Yh0={ttyA{YI$MzrAqk" variabletype="">binGuess</field>
                      </block>
                    </value>
                    <value name="B">
                      <block type="math_number" id="O_T$XJgj(_ey`WuZt+:[">
                        <field name="NUM">1</field>
                      </block>
                    </value>
                  </block>
                </value>
                <next>
                  <block type="text_print" id="GY7CV`fa$F-iR-8,.|I{">
                    <value name="TEXT">
                      <block type="text" id="c5rjHUHqR)b-}CC8mr`7">
                        <field name="TEXT">Too High</field>
                      </block>
                    </value>
                  </block>
                </next>
              </block>
            </next>
          </block>
        </statement>
      </block>
    </statement>
  </block>
  <block type="procedures_defreturn" id="TD=uV?SDb|J#PY_ml18X" x="-262" y="593">
    <mutation>
      <arg name="x" varid="!gUL5Pm%kQ*%;.8$hIhU"></arg>
    </mutation>
    <field name="NAME">userTriesSomethingWrong</field>
    <comment pinned="false" h="80" w="160">Describe this function...</comment>
    <statement name="STACK">
      <block type="controls_if" id="[2#+HL[Jo?#NJ$YwiYu8">
        <mutation else="1"></mutation>
        <value name="IF0">
          <block type="logic_operation" id="p[Zn=n6LD/(W;L%y}(!q">
            <field name="OP">OR</field>
            <value name="A">
              <block type="logic_operation" id="fUY},zOcdII$8MUedF0r">
                <field name="OP">OR</field>
                <value name="A">
                  <block type="logic_compare" id="h})-4x`TDY*waA78;30(">
                    <field name="OP">GT</field>
                    <value name="A">
                      <block type="variables_get" id="ar#2J1$c?.xvadLzNJyO">
                        <field name="VAR" id="Bs)t*hw{!VDPbbR7v6na" variabletype="">secretNumber</field>
                      </block>
                    </value>
                    <value name="B">
                      <block type="math_number" id="#8*L$^*F*;shhU{eyU=U">
                        <field name="NUM">1000</field>
                      </block>
                    </value>
                  </block>
                </value>
                <value name="B">
                  <block type="logic_compare" id="NG-*Sn.4:`-1@WF%u}|l">
                    <field name="OP">LT</field>
                    <value name="A">
                      <block type="variables_get" id="/h:}vj-r.1}{shD)Z;@F">
                        <field name="VAR" id="Bs)t*hw{!VDPbbR7v6na" variabletype="">secretNumber</field>
                      </block>
                    </value>
                    <value name="B">
                      <block type="math_number" id="}ly@IVYN|}x_0hCd34}E">
                        <field name="NUM">1</field>
                      </block>
                    </value>
                  </block>
                </value>
              </block>
            </value>
            <value name="B">
              <block type="logic_negate" id="vP?,zO2usG@{G)p~mW$z">
                <value name="BOOL">
                  <block type="math_number_property" id="8Hzdz^/sJ[k-XlQiCQ^-">
                    <mutation divisor_input="false"></mutation>
                    <field name="PROPERTY">WHOLE</field>
                    <value name="NUMBER_TO_CHECK">
                      <block type="variables_get" id="xN?BItB_u,;r:X(JfZ4B">
                        <field name="VAR" id="Bs)t*hw{!VDPbbR7v6na" variabletype="">secretNumber</field>
                      </block>
                    </value>
                  </block>
                </value>
              </block>
            </value>
          </block>
        </value>
        <statement name="DO0">
          <block type="text_print" id="RFms=q:^wp%pNcKW75mE">
            <value name="TEXT">
              <block type="text" id="K?+o8lzS|~5%C:AUKN}B">
                <field name="TEXT">Try Again</field>
              </block>
            </value>
            <next>
              <block type="variables_set" id="0HGieR:f!S?G*aTUeEV`">
                <field name="VAR" id="Bs)t*hw{!VDPbbR7v6na" variabletype="">secretNumber</field>
                <value name="VALUE">
                  <block type="text_prompt" id="sp-_L}3H[;4/eSdupTFm">
                    <mutation type="NUMBER"></mutation>
                    <field name="TYPE">NUMBER</field>
                    <field name="TEXT">Number between 1-1000.</field>
                  </block>
                </value>
              </block>
            </next>
          </block>
        </statement>
        <statement name="ELSE">
          <block type="variables_set" id="3%vM]wvIQv7VIiZoOI,x">
            <field name="VAR" id="sXLw6`{/GO@K$$l(~kkx" variabletype="">goodChoice</field>
            <value name="VALUE">
              <block type="logic_boolean" id="4]`4K51.#3CT%BSChfp/">
                <field name="BOOL">TRUE</field>
              </block>
            </value>
          </block>
        </statement>
      </block>
    </statement>
    <value name="RETURN">
      <block type="variables_get" id="7Q^u`*C2O/9$$RLgXxGB">
        <field name="VAR" id="sXLw6`{/GO@K$$l(~kkx" variabletype="">goodChoice</field>
      </block>
    </value>
  </block>
</xml>